day;frustration;energy;clarity;happiness;guilt;emotionality;anxiety;confidence;headache;sleepDuration;sleepStart;sleepEnd;sleepNap;meditation;exercise
1;5;5;6;5;4;4;4;3;;6.75;6.25;13;0;2;
2;6;5;5;5;5;6;7;5;;7.666666667;3.833333333;11.5;0;0;
3;5;5;6;6;3;3;3;5;;7.5;4;11.5;0;0;
4;4;6;7;6;4;5;6;6;;7;4.25;11.25;0;0;
5;2;4;3;3;5;3;7;3;;7;4.5;11.5;0;2;
6;4;5;6;6;3;5;4;7;;6.5;4.5;11;0;2;
7;2;5;6;6.5;5;5.5;3.5;7.5;;7.5;4;11.5;0;0;
8;5.5;5;5;5;5.5;5;7.5;4.5;;7.5;5;12.5;0;2;
9;3.5;5;4.5;5;3;5;4;6;;7.25;4.75;12;0;0;
10;4;6;6.5;6;4;7.5;4.5;5;;9;4;13;0;0;
11;3;6;7.5;6;4;5.5;2.5;6;;8.5;5.5;14;0;2;
12;5;5;4;4.5;5.5;4.5;6;3.5;2;7;6;13;0;0;
13;5;5;5.5;5;5.5;4;5;5;0;8.5;4.25;12.75;0;0;
14;5.5;3.5;4;4;7;6;8;3;1;7;6.5;13.5;0;0;
15;4;5;6;6;5;5;5;5;0;9;4;13;0;0;
16;5;5;5.5;4.5;5.5;4;5.5;5;0;8;5.5;13.5;0;2;
17;5.5;5;5;5.5;7;3.5;6;4;2;6.5;6.5;13;0;0;
18;1;8.5;5;7;2;7.5;4;7;0;8;5.5;13.5;0;2;
19;5.5;4;5;4;2;6;3;4;2;8;6;14;0;0;
20;4;4.5;7;7;5;5;2;6;0;8;6;14;0;0;
21;3;6.5;8;8;4;6;4.5;6;0;7;6;13;0;0;
22;2;5;6;6;4;5;5;5;0;6.5;6.5;13;0;0;
23;2;7;5;7;5.5;7;8;4;0;4;8;12;0;0;
24;2;3;3;5;5;3;4;4;0;8;6;14;0;2;
25;5;5;5;5;4.5;2;3.5;5;0;8;5;13;0;0;
26;5;6;5;5;5;4;4;6;0;6.5;6.5;13;0;0;
27;5;3;5;4.5;5.5;3.5;6;3;0;7.25;5.75;13;0;2;
28;5;2.5;4;4;7;6;6;1;0;7.75;5.25;13;0;2;
29;2;5;7.5;5;1;2;2;7.5;0;7.5;5;12.5;0;0;
30;3;5;6.5;6;5.5;3;5;5;0;8.5;5.5;14;0;0;
31;3;8.5;5;6;2;3;5;7;0;6.833333333;7.5;14.33333333;0;0;
32;4;0;4;5;5;1;3;5;1;0;0;0;0;0;
33;4;4;4;5;5;5;4;5;0;11.25;-2;9.25;0;0;
34;2;5;5;6;5;4.5;5;5;0;8;0.5;8.5;0;2;
35;2;5;6;6;5;5;4;5;0;8.5;1.5;10;0;2;
36;4;5;5;5.5;2;4;4;5;0;7;4;11;0;0;
37;5;5;6;6.5;2;6;4;7;0;5.5;3;8.5;0;2;
38;2;7;6;8.5;1;5;4;8;0;9;2.5;11.5;0;2;
39;5;5;5;5;5;3;5;5;0;6;3.5;9.5;0;0;
40;4;2;5;3;6;1;5;1.5;2;8;3.25;11.25;0;0;
41;5;4.5;5;5;5;4;5;4;0;7;3;10;0;2;
42;3;5;7;6;2;5.5;1;7;0;9;2.75;11.75;0;0;
43;2;5;7;7;3;5;1;5;0;7.25;3;10.25;0;0;
44;5;7;5;6;5;6;1;6;0;10;4;14;0;0;
45;3;6;5;5;2;5;3;6;0;6.5;4.5;11;0;0;
46;2;3;7;5;2;5;3;6;0;6.5;2.5;9;0;0;
47;2;5;7;8;2;7;4;5;0;7.5;3.5;11;0;2;
48;2;5;7;6;4;7.5;4;6;0;10;4;14;0;2;
49;5;3;5;5;3;7;6;5;0;7;5;12;0;2;
50;5;5;5;5;5;3;6;4.5;0;6.5;5.5;12;0;2;
51;2;4.5;5;6;3;5;2;5;0;9.5;3.5;13;0;0;
52;2;5;6;6;3;5;2;6;0;9;4.5;13.5;0;2;
53;4;5;6;6;5;5;5;5;0;9;4.5;13.5;0;2;
54;2;5;6;7;3;6;1;7;0;7;4;11;0;2;
55;2;5;7;7;3;6;3;6;0;9.5;3.5;13;0;0;
56;7;4;5;5;5;5;7;4;0;9;3.25;12.25;0;0;
57;6;5;7;6;4;5.5;5;4;0;8.5;3.5;12;0;2;
58;4;4;3;4;5;4;1;5;0;7.333333333;4;11.33333333;0;0;
59;5;5;5;5;5;6;2;4;0;7;5;12;0;2;
60;4;4;5;5;6;4;6;5.5;0;8;4.5;12.5;0;0;
61;4;4;5.5;6;2;5;2;5;0;4.5;4;8.5;0;0;
62;4;4.5;5;4.5;6;6;6;4.5;0;10;4;14;0;0;
63;4;5;7;6.5;1;6;1.5;8;0;9.5;3.5;13;0;2;
64;1;6;8;7.5;0;6;1;8;0;8;4;12;0;0;
65;0;6.5;7.5;7;1;5;0;8;0;10;3.5;13.5;0;0;
66;5;5;7;5.5;4;6;3.5;6.5;0;7.5;4;11.5;0;0;
67;1;7;8;7;0;6;0;8;0;7;4.5;11.5;0;0;
68;4;3;6;5;3;5;3;6;0;8;3;11;0;0;
69;2;5;6.5;6;2;5;3;6;0;9;4;13;0;0;
70;5;3;5;4;6;5;6;3;0;6;4;10;0;0;
71;5;4;4;5;5.5;5;6;5;0;6;4;10;0;0;
72;2;4;4;5;4;3;5;4;0;10;3.5;13.5;0;0;
73;2;5.5;6.5;6.5;2;3.5;3.5;6;0;9;3;12;0;0;
74;2.5;5.5;6;5.5;3;5;4.5;5.5;0;8;3.333333333;11.33333333;0;0;
75;7;5;4;3;5;5;6;2;0;7.5;3.5;11;0;1;
76;1.5;5;6.5;5.5;2;3;2;6.5;0;9;3.5;12.5;0;0;
77;4;4;5;5;2;3.5;3;5;1;5.5;3.5;9;0;1;
78;2;5;7;7;2;5;5;5;0;7;1;8;0;0;
79;5;6;7;5.5;4;5;2;7;0;7.5;1;8.5;0;0;
80;3;5;5.5;5;3;5;5;5;0;7;1;8;0;0;
81;2;5;4;5;1;2;3;5;0;6;1;7;0;0;
82;6;3;2;2;3;7;7;2;1;8;1;9;0;0;
83;2;2;4;3;2;6;4;5;0;7;2;9;0;0;
84;0;5;6;5.5;2;5;1;5;0;6.75;2.25;9;0;0;
85;2;5;5;5;4;4;4;4.5;2;6;1;7;0;0;
86;3;3;1;4;5;3;1.5;4;0;9;2;11;0;0;
87;1;5;5;5;5;5;7.5;4.5;0;8.25;-2;6.25;0;0;
88;3;4;3.5;5;5.5;6;6;3.5;0;9;2;11;0;1;
89;1;5;4.5;5;3;5;5;5;0;7;1.5;8.5;0;0;
90;2;4;5;4.5;4;6;4;5;0;10;2;12;0;2;
91;5;1.5;3;3;6.5;6;7.5;4;0;6.5;4;10.5;0;0;
92;4;4.5;3;4;5;5;2;5;0;5.5;2;7.5;0;0;
93;4;6.5;4.5;7;5;3;5;6;0;6.75;0.75;7.5;0;0;
94;2;5;3;5;5;5;4;6;0;6.75;1.25;8;0;0;
95;2;5;5;6;3;4;4;5;0;6.75;1.25;8;0;2;
96;1;5.5;5.5;6;4;5;5;6;0;7;1;8;0;0;
97;5;5;5;4;4;5.5;5;4.5;0;8;5;13;0;0;
98;2;5;4;6;2;5;2;5.5;0;7;2;9;0;0;
99;1;5;4;4;7;6;3;3;0;6.5;1.5;8;0;0;
100;1;5;5;5;5;6;5;4;0;7;1;8;0;0;
101;3;5;3;4.5;6.5;7;6;3;0;7;1;8;0;0;
102;3;5;5.5;5;5;6;6;4.5;0;9;1;10;0;2;
103;3;5;4.5;5;3;5.5;5;4.5;0;7.75;3.25;11;0;2;
104;5;5;3;4.5;7;6;7.5;3;0;6.5;5;11.5;0;0;
105;4;5.5;5.5;5;6;4;5.5;4;0;6.666666667;4.5;11.16666667;0;2;
106;2.5;4;1.5;3;5;7;5;3;2;6;1.5;7.5;0;2;
107;5.5;4;1;2;3;4;6;2.5;0;9.5;1.5;11;0;2;
108;3;5;5;4.5;5;5;6;4.5;0;6.5;1.5;8;0;2;
109;4;5;5;5;2;3.5;5;5;0;7;1;8;0;0;
110;3;5;6;6;5;5;4;5.5;0;7.25;0.75;8;0;0;
111;4;5;6;5;4;5;5;4;0;8.5;2.5;11;0;0;
112;7;5;4;3.5;7;5.5;8;3;0;7.75;3.75;11.5;0;0;
113;7;4;4;4;6;5;7.5;3;0;7;4;11;0;0;
114;8;5;3.5;3;8;6.5;9;3;0;6;2;8;0;0;
115;5;4.5;5.5;5.5;4;5;4.5;5;0;6.25;0.75;7;0;0;
116;5;3;3;3;5;3;6;4;2;7;0.5;7.5;0;0;
117;2.5;6;5.5;6;2.5;4;2;6;0;7.166666667;0.833333333;8;0;0;
118;2;1.5;5;6.5;3;4;3;7;0;6.833333333;5.166666667;12;0;0;
119;2;2;5;5;4;2.5;5;4;0;7.5;3.5;11;0;1;
120;2;4;5;5;3.5;4.5;5;5;0;8;3;11;0;0;
121;2;5.5;5.5;6;2;5;3;5.5;0;8;2;10;0;0;
122;6.5;4;3;2;4;6;7.5;3;1;8.25;2.75;11;0;0;
123;4;5;5;4.5;5;5;4;5;0;7;4;11;0;0;
124;3;2.5;3;4.5;5.5;2.5;4;3.5;1;8;3.5;11.5;0;0;
125;3;5;5;6;2;3;3;6;0;7.666666667;2.333333333;10;0;2;
126;3;6;5.5;4.5;5;7;5.5;5.5;0;9;3;12;0;0;
127;2.5;5;5.5;5;5;6;5.5;5.5;0;8.5;3.833333333;12.33333333;0;0;
128;6;4;3.5;1.5;7;6;8;1.5;0;7.5;4.5;12;0;0;
129;7;2.5;1.5;1;8;6;9;1;0;7;4;11;0;0;
130;3.5;3;5;6;2.5;3;4.5;5.5;0;5;3.333333333;8.333333333;0;0;
131;4;3;4.5;4.5;2.5;5;5;5;0;10;2;12;0;0;
132;7;4;3;3;8.5;5;7;1.5;0;8;4;12;0;0;
133;5;5;5;5;4;4.5;6;5.5;0;9.5;2.5;12;0;2;
134;2.5;5;5.5;5.5;2;4.5;4;6;0;7;5;12;0;0;
135;1.5;5;6.5;6;1.5;6.5;1;7;0;8.5;4;12.5;0;0;
136;2;3;4;5;2.5;6.5;3;5;1;7.5;4.25;11.75;0;0;
137;2;4;5;4.5;3;6;4.5;4.5;0;7.5;6;13.5;0;2;
138;3;5;5.5;5;4;6;2;5.5;0;9;4;13;0;2;
139;2;4;5.5;5.5;2;5;2.5;5.5;0;7.833333333;5;12.83333333;0;2;
140;3.5;1.5;4.5;4.5;4.5;5;2;4;0;7.666666667;5.333333333;13;0;2;
141;1;4;5;5;5;5.5;3;5.5;0;6;3;9;0;0;
142;2;5;6.5;6;1;6;1;7;0;9;0;9;0;1;
143;4;6;4.5;5;3;6;3;5;0;8.5;1.25;9.75;0;0;
144;3;6;5;6;3;6.5;1;4.5;0;8.5;0.5;9;0;0;
145;5;5;4;6;2;7;4;5;0;9.25;1.25;10.5;0;0;
146;2;4.5;4.5;5.5;4;5;5;5;0;9;1.5;10.5;0;0;
147;2;4;4.5;4;6.5;7;4;2.5;0;9.5;1.5;11;0;1;
148;4;4;3.5;3.5;7.5;7;7;4;0;9.75;1.75;11.5;0;0;
149;4;3.5;4;5;5;5;3;4.5;0;9.5;2;11.5;0;0;
150;4;4;5;5;3;5;2;5;0;8;2;10;0;0;
151;1;5.5;6.5;5.5;2;5;1.5;5;0;6;2;8;0;2;
152;2;7.5;6;6.5;0.5;6;2;7.5;0;6.75;0.5;7.25;0;1;
153;5.5;5.5;6;5;1;5.5;2;7;0;6.833333333;1.25;8.083333333;0;1;
154;6;5;6;5.5;5;6;4.5;6;0;8;-1.25;6.75;0;2;
155;1.5;7;6;6;1;6.5;0.5;7;0;7;2.5;9.5;0;2;
156;2;5;5;5.5;2;5;3;5;0;5.5;2.333333333;7.833333333;0;1;
157;5;5;5;5;3.5;4.5;5.5;5.5;0;8.5;0.333333333;8.833333333;0;2;
158;3;6;5.5;5.5;1.5;7;5;4.5;0;6.333333333;2.75;9.083333333;0;0;
159;2.5;5;5;5.5;3;6;4;5.5;0;7.5;1.5;9;0;0;
160;2;5.5;3.5;5.5;1;4;2.5;5;0;9;1;10;0;0;
161;1.5;5;4.5;5.5;5;4;4;5;0;9.25;0.75;10;0;0;
162;3;5.5;4;5.5;3;3.5;4.5;5.5;0;7.75;0.75;8.5;0;0;
163;1.5;5.5;6.5;6;1;4;1;6.5;0;7.25;2.5;9.75;0;2;
164;7;4.5;4.5;4.5;6;5;6;5;0;7.5;2.5;10;0;0;
165;3;6;6;6;4;5.5;5;5.5;0;6;1.25;7.25;0;2;
166;4;5;4.5;5.5;1;5;4;5;2;8.5;-2;6.5;0;0;
167;1;6;5.5;5;3;5;4;5.5;0;8.25;1.75;10;0;0;
168;3;5.5;6;6;2;6;4;6;0;7.75;2.5;10.25;0;2;
169;5;4.5;5;4;6;7.5;7;3;0;6.583333333;2.75;9.333333333;0;2;
170;0.5;5.5;5;6;4;5;5;6;0;9.333333333;1.166666667;10.5;0;2;
171;1;6;5.5;6.5;0.5;5;2.5;7;0;6.333333333;1.166666667;7.5;0;2;
172;3;4;4.5;6;2;5.5;2;6;0;6.75;1.25;8;1;0;
173;3;3.5;4;5;3.5;5;3.5;5;0;5.25;2.75;8;0;0;
174;1;5.5;6;6;1;5.5;3;7;0;10.66666667;0.333333333;11;0;0;
175;3.5;6.5;5.5;6;0.5;6;2;6.5;0;7.666666667;2.333333333;10;0;2;
176;4.5;6.5;6;6;2.5;6.5;5;6;0;7.25;3;10.25;0;0;
177;2;5.5;5.5;6;1;5.5;5;6.5;0;7.25;1.75;9;0;0;
178;1;7.5;6;6;2;5.5;1;6;0;6.75;1.25;8;0;2;
179;2;5.5;5.5;6;0.5;5;1;6;0;6.083333333;2.416666667;8.5;1;0;
180;1;5.5;5;5.5;4;5.5;1.5;6;0;5;2.333333333;7.333333333;1;2;
181;2.5;5;6;4.5;1;7.5;1;4.5;0;8.5;2.333333333;10.83333333;0;2;
182;2;5;5;4.5;4;5.5;3;5.5;2;9;2.5;11.5;0;0;
183;3;6;5.5;4.5;4;5.5;5.5;5;0;6.5;2.5;9;0;0;
184;5;5;4;5;5;5.5;5;4;0;7.75;0.75;8.5;0;0;
185;4;5;5;5;4.5;4.5;5;4.5;0;6.5;1.5;8;0;1;
186;3;5;5.5;5;4;5;4.5;5;0;7.333333333;0.666666667;8;0;1;
187;6;4;5;5;3;5;3.5;6;1;6.25;0.75;7;0;1;
188;1;6;7;6;3;7.5;1.5;7;0;8.25;2;10.25;0;0;
189;0.5;6.5;6;6;3;5;5.5;7;0;7.25;3;10.25;0;1;
190;4;5;5.5;5;2.5;5;6.5;5;0;7;2.5;9.5;0;0;
191;3;4.5;4;4.5;5;5.5;5;4.5;0;7.916666667;1.25;9.166666667;0;1;
192;5;5;4;4.5;5;4.5;3.5;5;0;7.166666667;1;8.166666667;0;2;
193;6;5;5.5;5;6;6;5;4.5;0;7.25;0.916666667;8.166666667;0;2;
194;2;4.5;4;5;1;4.5;4;5.5;2;7;0.75;7.75;0;0;0
195;1;5.5;5.5;5.5;3.5;5;5;6;0;7.083333333;0.916666667;8;0;2;0
196;4;5;6;6;5.5;6;1;5.5;0;7;3.5;10.5;0;2;0
197;1;5.5;6;5.5;2.5;5.5;3.5;6;0;6.75;2.75;9.5;0;2;2
198;3.5;5.5;5.5;5.5;5;5.5;3;5.5;0;7.5;1;8.5;0;1;0
199;2;5;5.5;5;4;5;4;5.5;0;7;1;8;0;0;0
200;2;5;5.5;5.5;4.5;5.5;4.5;5.5;0;6.5;1.333333333;7.833333333;0;0;0
201;1;4.5;5.5;5.5;3.5;5;4.5;5.5;0;5.75;2.25;8;0.5;0;0
202;1.5;5.5;5.5;7;2;5.5;4;6;0;9.25;0.75;10;0;0;0
203;1;4.5;4.5;4.5;1.5;6.5;2;5.5;1;9;2.166666667;11.16666667;0;0;0
204;3;5;5;5;6;5.5;6;5.5;0;7.5;0.666666667;8.166666667;0;1;2
205;5;5.5;5;5.5;5;5;6;5.5;0;7;2.333333333;9.333333333;0;1;0
206;7;4;4;4;5.5;5.5;3;3.5;0;6.583333333;1.916666667;8.5;0;0;0
207;4;5;5;5.5;4;5;5;5.5;0;6.916666667;1.083333333;8;0;2;2
208;3.5;5.5;5.5;5;1;6;2.5;6.5;0;7;1;8;0;0;0
209;2;5;5;6;2;5;2;5.5;1;9;3;12;0;0;2
210;3.5;6.5;5.5;6;2;6.5;5;6;0;8.25;2.75;11;0;2;0
211;6;5.5;6;5.5;3.5;5.5;5;6;0;7.5;3.583333333;11.08333333;0;1;2
212;3;5.5;6;5.5;2;6;2;6.5;0;7;3.75;10.75;0;0;2
213;2;4;5.5;6;3;6;3;6;0;6.75;1.75;8.5;0;0;0
214;1;6;6;6;1.5;5;1;6.5;0;7.25;1;8.25;0;0;2
215;6;6.5;5;5.5;3;5.5;4;5;0;6.666666667;1.333333333;8;2;2;0
216;3.5;5;4.5;5;5;5.5;2.5;4.5;0;7;4.666666667;11.66666667;0;0;2
217;3;5;5.5;6;3;5.5;2.5;5.5;0;7.75;4.25;12;0;1;0
218;2;3.5;5.5;5;2;6;3.5;4.5;0;6.5;3;9.5;0;0;0
219;2;5.5;6;5.5;3.5;5.5;3.5;5.5;0;9.166666667;1.666666667;10.83333333;0;0;2
220;3;5.5;4;5.5;3.5;5;5;5;0;7.25;4.25;11.5;0;0;0
221;2;6;6;6.5;1;5.5;2;6.5;0;5.25;3.75;9;2.5;0;2
222;2;5;5;5.5;2;5;2;5;0;2.5;5.5;8;1;0;0
223;1;6.5;7;7;1.5;5;0;8;0;8.75;0.75;9.5;0;0;2
224;1;6;6.5;6.5;2.5;5;2.5;7;0;6.75;5.5;12.25;0;0;0
225;2.5;5;6;6.5;3;5.5;2;6;0;4.666666667;4.916666667;9.583333333;1.5;1;0
226;3;5;5.5;6;2;5.5;5;5.5;0;7;4.5;11.5;0;0;2
227;2.5;4.5;5;5;2;5;4;5;0;5;3.5;8.5;0.5;0;0
228;3.5;5.5;6;5.5;1.5;5.5;4;6;0;6.833333333;1.416666667;8.25;0;2;2
229;3;5.5;5;5;3;5;4.5;4.5;0;5.333333333;2.5;7.833333333;2.25;0;0
230;4;5.5;3.5;4.5;2.5;5;7;4.5;0;9;3.75;12.75;0;2;2
231;2;5;6;5.5;3.5;5;5;6;0;6;5.75;11.75;0;0;0
232;1;5.5;6;5.5;3;5;1;6;0;7;2.25;9.25;2;0;2
233;2;6.5;7;5.5;3;5.5;1.5;6;0;7;5.25;12.25;0;1;2
234;1;4;5;5;4;6;2.5;4.5;0;6.5;5.916666667;12.41666667;0;0;0
235;3.5;4;5;4.5;2;5.5;2;5;0;5.5;3;8.5;1.5;0;0
236;2;5.5;6;5.5;6;5.5;3.5;5;0;7.5;0.5;8;0;0;0
237;1;6.5;7;6;3;6;1;6;0;6.75;5.25;12;0;0;1
238;1;6;7;6.5;2;6;2;6.5;0;7.416666667;4.583333333;12;0;0;0
239;2;5;6;6;2;5.5;3.5;5.5;0;5.916666667;3.583333333;9.5;0;0;0
240;5;4.5;4;5;6;5.5;7;4;0;9.25;1.5;10.75;0;1;2
241;4;5;5;5;5;5.5;5;4.5;0;7.5;4.083333333;11.58333333;0;2;0
242;5;5;6;4.5;4;6;2;5;0;4.666666667;3.833333333;8.5;2.75;0;2
243;2;5.5;7;5.5;0.5;6;2.5;6;0;2.833333333;5.166666667;8;2.5;0;0
244;2.5;6.5;7.5;6.5;3;5.5;2.5;6;0;6.666666667;5.333333333;12;0;0;2
245;1;7.5;6.5;6.5;1;5.5;1;7;0;6;6;12;0;0;0
246;5.5;6;5;5;5;6;4.5;5;2;4;5.5;9.5;2.5;0;0
247;4;4;4.5;5;5;5;4;5;0;8.5;4.25;12.75;0;0;0
248;4.5;5.5;5;5;4;4.5;4;5;0;6.75;5.25;12;0;0;0
249;4;4.5;4;5;3;4.5;3;5;0;5.166666667;4.333333333;9.5;0;0;0
250;6.5;4;3;5;5;4.5;4;4.5;0;6.5;1;7.5;1;0;0
251;6;3;4;4.5;5;5;3.5;4;0;7.5;5.333333333;12.83333333;0;0;0
252;4.5;4;4.5;5;4;5.5;5;5;0;7;4;11;0.5;0;0
253;2;5;5;5.5;3.5;5;3.5;5;0;6.833333333;1.416666667;8.25;0.5;1;0
254;5;4;5;5;5;5;3;5.5;0;6.833333333;5.166666667;12;0.5;0;0
255;4;5.5;6;6;2;5.5;2;6;0;8;1;9;0;0;2
256;3;5.5;6;5;3;5.5;4;5.5;0;6.666666667;4.833333333;11.5;0;2;0
257;5.5;5;5.5;4;4;4.5;3;5;0;7;4;11;0;0;0
258;3;5;5.5;5.5;2;5;5;6;0;7;5.333333333;12.33333333;0;0;0
259;2;6;6.5;5.5;2;5;2;6.5;0;7.5;5.166666667;12.66666667;0;0;2
260;2;7;6;5.5;4;5;3;6;0;7.5;6.5;14;0;0;0
261;2.5;7;6;6;3;5.5;4;6;0;8.25;5.25;13.5;0;2;0
262;4.5;5;5;5;4.5;4.5;4;5;0;8.25;5.25;13.5;0;0;2
263;4;3.5;5;5;4.5;4.5;4;4.5;0;8.25;5;13.25;0;0;1
264;4;5;4;5;4;5.5;3.5;4.5;0;7.25;5;12.25;0;0;0
265;3;5.5;5;5.5;3;5;3;5;0;8.25;4.416666667;12.66666667;0;2;1
266;2;6.5;6;5.5;3;5;2.5;6.5;0;6.416666667;6.583333333;13;0;0;2
267;2;6;6;5.5;3;5.5;3.5;6;0;6.833333333;6.166666667;13;0;1;0
268;2;7;6.5;6;3.5;5.5;3;6;0;7;5.5;12.5;0;2;0
269;3.5;4.5;4;5;5;5;3.5;5;1;7.25;5.25;12.5;0;0;2
270;3;5.5;6;5;6;6;5;5;0;7;3.5;10.5;0;0;0
271;3;5.5;5.5;5;3.5;7;4;5.5;0;7;5.5;12.5;0;0;2
272;4;5;5;4.5;5;4;4.5;5;0;7.25;3.75;11;0;0;2
273;3;5;5.5;5;3.5;5;3.5;5;0;7.5;3.75;11.25;0;2;0
274;6;5;4;3.5;7.5;5;5;4;1;7.333333333;3;10.33333333;0;2;1
275;1.5;5;5.5;4.5;3;5;3;5;0;7.5;1.25;8.75;0;0;0
276;3;5.5;6;5.5;2;4;4.5;5;0;6;1;7;0;0;0
277;1;6;7;6;2;3.5;1;5.5;0;9;1.25;10.25;0;0;2
278;2;6;6;6.5;2;4.5;1;6;0;9.166666667;2.833333333;12;0;0;1
279;1;6.5;7.5;7;1;4.5;0;6;0;10.66666667;0.333333333;11;0;2;0
280;4;6.5;6;6.5;3;5;2.5;6;0;7.833333333;2.666666667;10.5;0;2;2
281;4;7;6.5;6.5;3;5;2;7;0;7.5;3;10.5;0;1;2
282;6;5.5;4.5;5;5;4;3;5;1;7.25;3.75;11;0;0;0
283;4;6;6;6;4;5;2.5;6;0;9;1;10;0;2;2
284;4;5.5;5.5;5;1.5;5.5;3;5;0;8.75;1.25;10;0;2;1
285;2;6.5;6;5.5;2.5;5.5;3;5.5;0;6;1;7;0;3;0
286;1;6;5.5;5;2.5;5.5;3;5.5;0;6.5;3;9.5;0;0;0
287;2;7;4;4.5;3.5;5.5;3;4.5;0;8.5;4.75;13.25;0;0;2
288;3;7;4;5.5;4;6;4;5;0;7;5.833333333;12.83333333;0;2;2
289;3.5;6.5;5.5;5.5;2.5;5.5;3;5.5;0;7.5;5;12.5;0;2;0
290;2.5;6;5;5.5;1.5;4.5;1.5;5.5;0;7.333333333;5.166666667;12.5;0;2;2
291;4;6;5.5;5.5;2;5.5;1.5;5.5;0;8.25;5.5;13.75;0;3;2
292;4.5;6;6;5.5;2;5.5;2;5.5;0;7.5;4.5;12;0;2;2
293;2;6.5;6.5;6;1;5;1.5;6.5;0;7;5.5;12.5;0;2;2
294;5.5;5;5.5;5;3.5;5.5;5;4.5;0;8;3.583333333;11.58333333;0;2;0
295;2;5;5;5;2;5;5;5;0;4.5;3;7.5;0;0;0
296;2;5.5;5.5;5.5;1;5.5;3;5.5;1;11;1;12;0;2;0
297;0.5;6.5;6;6.5;0.5;5;1;6.5;0;8;5;13;0;2;0
298;1;6;6.5;6;1.5;5.5;2;6;0;7.833333333;5;12.83333333;0;2;2
299;4.5;6;4.5;5;2.5;6;6;5;0;8.25;4.25;12.5;0;1;2
300;4.5;5;5.5;5;4;5;4;4.5;0;7.416666667;5.333333333;12.75;0;1;0
301;3;5.5;5;5.5;3;5;4;5.5;0;8.5;4.5;13;0;2;2
302;1;6;6;6;1;5.5;3.5;6;0;8.416666667;4.583333333;13;0;3;2
303;0;6;6.5;6;0;6;1.5;5.5;0;7.833333333;6.166666667;14;0;3;0
304;1;6;6.5;6;0;6.5;1.5;6;0;7.5;6.25;13.75;0;3;2
305;0;3.5;7;4.5;1;6;0;6;2;9.25;4.75;14;0;3;0
306;-1;6;7.5;6;1;6;0;7;0;6.5;4.5;11;0;1;2
307;0;7;7.5;6;1;7.5;1;5;0;8;5;13;0;0;0
308;2;6;6;5.5;3;7.5;0;5;0;7.75;5.25;13;0;0;1
309;5;6;5.5;4.5;5;7;4;4;0;4.25;3.75;8;4.75;1;2
310;4.5;6.5;6;4.5;2.5;7.5;4;5;0;7.583333333;4.416666667;12;0;2;2
311;2;6;5.5;5.5;1.5;5.5;3;5.5;0;6;5;11;0;0;0
312;2;5;5;5;3.5;5.5;2.5;5;0;6;2;8;0;0;0
313;2;6;5;5;3.5;5;3;5;0;6.75;1.25;8;0;0;2
314;2;6;6;5.5;2;5.5;3;6;0;7.333333333;3.666666667;11;0;1;2
315;2;6;5.5;6;1;5.5;2;5.5;0;7.083333333;2.666666667;9.75;0;0;0
316;2.5;4.5;5;5;3.5;5;2;5;2;6.5;1.5;8;1;0;0
317;2;5.5;5.5;5;3;5;3;5;0;9;0.5;9.5;0;0;0
318;3;5.5;5.5;5;1.5;5.5;4;5;0;7.5;1.75;9.25;0;1;2
319;5;5.5;5;4.5;4;5;4;5;0;6.75;1.25;8;0;0;0
320;2;5;5.5;5;3;5;3;5;0;6.25;1.75;8;1;2;0
321;2.5;5.5;5.5;5.5;2.5;5.5;2.5;5;0;6.5;4;10.5;0;0;0
322;2;6;6;6;1;5.5;1.5;6;2;8.333333333;2.583333333;10.91666667;0;0;2
323;3;5;5;5;2.5;5;3;5;0;7.5;2;9.5;0;0;0
324;3;5.5;5.5;5.5;2.5;5;3;5.5;0;7.75;2;9.75;0;1;2
325;2;5;5.5;4;4;6;2;4.5;0;7.25;1;8.25;0;0;0
326;1.5;5.5;5.5;5.5;2;5.5;3.5;5.5;0;7;1;8;0;0;0
327;2;5.5;5;5.5;1;5.5;2;5;0;6.75;1.166666667;7.916666667;0;0;0
328;4.5;5.5;5;4;5;5.5;6.5;4;0;8;2;10;0;0;2
329;5;5;5;4;5.5;6.5;5;3.5;0;7.5;3.416666667;10.91666667;0;1;2
330;3;5;5;5;3.5;5.5;4;5;0;6.666666667;1.333333333;8;0;0;0
331;4.5;5;5;4.5;5;6;5;4.5;0;7.916666667;1.333333333;9.25;0;0;2
332;5;5;5.5;5;4.5;5.5;5;4.5;0;7.583333333;1.666666667;9.25;0;0;0
333;3;5;5.5;5;3.5;5;4;5;0;7;1;8;0;1;0
334;3.5;5.5;5.5;5;4.5;6;4.5;5;0;8.833333333;1.166666667;10;0;0;2
335;3;5;5;5.5;4;5;4;5;0;7.25;2.75;10;0;0;2
336;2.5;5;5;5;3;5.5;4;5;0;6.5;4.25;10.75;0;0;0
337;2.5;5;3.5;5;3.5;5;3;4.5;0;7.416666667;3.333333333;10.75;0;2;2
338;2;5;5;5.5;2.5;5;2;5;0;7;3.75;10.75;0;2;2
339;2;5;5;5;2;5;2;5;0;6.5;3.833333333;10.33333333;0;2;0
340;2;5;5;5;3;5.5;3;5;0;7.083333333;0.916666667;8;1;0;0
341;3;5;5;5;2.5;5.5;2.5;5;0;6.666666667;1.333333333;8;2;0;0
342;2;5.5;5.5;5;1.5;5;3;5;0;7.166666667;4.833333333;12;0;1;2
343;2;5;5.5;5;0.5;5;1.5;5;0;7;4.75;11.75;0;1;0
344;6.5;3.5;3;3;5.5;6;5;4;0;7;1.5;8.5;0;1;1
345;2.5;5;5;5;2.5;5.5;3;4.5;0;8.166666667;1.75;9.916666667;0;2;2
346;3;5;5.5;5;2;5;2.5;5;0;7.5;1.75;9.25;0;2;0
347;2;5;4.5;5.5;2;5.5;1.5;5;0;6.5;1.75;8.25;1;1;0
348;1.5;5;5.5;5.5;2;5.5;2.5;5;0;7.333333333;3;10.33333333;0;0;2
349;2.5;5.5;5;6;3;6;3;5;0;6.333333333;6;12.33333333;0;1;0
350;1.5;5.5;5.5;5.5;2;6;2;5;0;7.333333333;6;13.33333333;0;2;2
351;1.5;5.5;5.5;4;3.5;6;3;4;0;7.833333333;2.5;10.33333333;0;2;0
352;2;5;5.5;5;3;6;3;5;0;7.666666667;2.333333333;10;0;2;2
353;1;6;6;6;2;5.5;2;5;0;7.916666667;1.916666667;9.833333333;0;2;1
354;1;5.5;6;5.5;2;5.5;2.5;5;0;6;2;8;0;2;2
355;2;6;5.5;5.5;3;5.5;2;5;0;4.5;3.5;8;1;0;1
356;1;6;5.5;6;3;5.5;2.5;5.5;0;7.833333333;4.166666667;12;0;2;2
357;2.5;5.5;5.5;5;4;5.5;3.5;4.5;0;7.166666667;5.833333333;13;0;2;0
358;2;5;5.5;5;2.5;5;2.5;5;0;2;6;8;1.5;2;2
359;2;5;5.5;5.5;2;5;3;5.5;0;7.25;2.25;9.5;0;1;0
360;2.5;5;5.5;5;2.5;5;2.5;5.5;0;6.5;1.25;7.75;0;0;2
361;3;4.5;5;5;2;5;3;5;0;7.25;0.75;8;0;1;0
362;3.5;5;5;5;3;5.5;3;5;0;7;1;8;1;1;1
363;1;5.5;5.5;5.5;2;5.5;2.5;5.5;0;8.333333333;3.666666667;12;0;0;2
364;2;5;4;4.5;3;5.5;3.5;5;0;7.833333333;5.166666667;13;0;0;0
365;2.5;5;4.5;5;3;5;3.5;5;0;6.666666667;4.333333333;11;0;1;0
366;2;4.5;4.5;5;3.5;5.5;3;5;0;8.75;3;11.75;0;1;0
367;3;5;5;5;3;5;2.5;5;0;7.5;2.5;10;0;2;0
368;4;5;5.5;5.5;2.5;5.5;2.5;5;0;8;2;10;0;0;2
369;2;6;5;5.5;2;5;2;5.5;0;7.833333333;4.166666667;12;0;0;0
370;2;5;5;5;2.5;5;3;5;1;6.5;6.5;13;0;0;0
371;2;5.5;4.5;5.5;3.5;5;4.5;5;0;7.75;4.25;12;0;0;2
372;2.5;5;4.5;5;3.5;5;3;5;0;6.333333333;4.666666667;11;0;1;0
373;2.5;5;5;5;3;5;2.5;5;1;7.25;6.5;13.75;0;0;0
374;2;5;5;5.5;2.5;5.5;2;5.5;0;6.416666667;4.833333333;11.25;0;1;2
375;2;5;5;5;3;5;3;5.5;0;7.75;4.25;12;0;0;0
376;1.5;5;5;5.5;2.5;5;3.5;5.5;0;7.75;4.25;12;0;1;2
377;1.5;5;5.5;5.5;2;5;2.5;5;0;7.166666667;4.833333333;12;0;2;0
378;2;4.5;5;5;2.5;5;2;5;0;7.5;4.5;12;0;2;2
379;2;5;5;5;2.5;5;2.5;5.5;0;6.25;2.5;8.75;0;0;0
380;2;5;4.5;5;3;4.5;3;5;0;7.416666667;3.333333333;10.75;0;1;2
381;3.5;5;5;5;3;5;3;5;0;7;3.75;10.75;0;1;0
382;3.5;5.5;5;5;2.5;5;2.5;5.5;0;6.5;1.75;8.25;0;1;2
383;3.5;5.5;5.5;5.5;2.5;3.5;2.5;6;0;7;1.75;8.75;0;0;0
384;2.5;5;5;5;2;4;2;6;0;7.25;3.5;10.75;0;0;2
385;3;5.5;5;5.5;3;5;4;5.5;0;7.916666667;3.833333333;11.75;0;1;0
386;2.5;5;3;5;3;6;5;5.5;0;7.166666667;3.833333333;11;0;2;2
387;2;5.5;5.5;5.5;2;5.5;3.5;5.5;0;6.75;4;10.75;0;1;0
388;2;5;5.5;5;2;5;2.5;5.5;0;7.25;4.25;11.5;0;0;0
389;2;5;5;5;2.5;5;3;5;0;4.583333333;3.166666667;7.75;2.25;0;2
390;2;5.5;5;5.5;3;5.5;2.5;5.5;0;7.75;2;9.75;0;0;0
391;3;5;4;5;3.5;5.5;3.5;4.5;0;5.083333333;5.083333333;10.16666667;0;0;0
392;2;3;4.5;5;4;6;3.5;5;0;7.25;4.75;12;0;0;0
393;3;4.5;5;5;4.5;5.5;5;5;0;7;1;8;0;1;2
394;3;5;5;4.5;4;6;4.5;5;0;7.833333333;1.666666667;9.5;0;1;0
395;3;5;5;5;3.5;5.5;4;5;0;8.5;1.666666667;10.16666667;0;1;2
396;3;5;5;4.5;3.5;5;3.5;5;0;6.916666667;1.333333333;8.25;0;1;0
397;3;5;5;5;3;5;2.5;5;0;7;1.25;8.25;0;0;2
398;2;5.5;5.5;6;3.5;5.5;2;5.5;0;7.75;2.75;10.5;0;0;0
399;2;5.5;5.5;5.5;2;5;1.5;5.5;0;7.333333333;4.166666667;11.5;0;0;2
400;4;5;5.5;5.5;3;5.5;1.5;5.5;0;8;1.666666667;9.666666667;0;2;0
401;3;5.5;5.5;5.5;2.5;5.5;1.5;5.5;0;7.083333333;1.416666667;8.5;0;0;2
402;3;5;5;5.5;2;4.5;2;5;1;6.266666667;3.25;9.516666667;2;0;0
403;2;4.5;5;5.5;2;5;1.5;5.5;0;8.166666667;1.166666667;9.333333333;0;0;1
404;3;5;5;5;3;5.5;2.5;5;0;7;2;9;0;2;0
405;2.5;5;5.5;5.5;3;5.5;3;5;0;7.333333333;3.666666667;11;0;0;0
406;3;5;5;5;2;6;3;5.5;0;7.416666667;3.333333333;10.75;0;2;2
407;3;5;5;5;2;5;2;5;0;6.75;1.75;8.5;0;0;0
408;2;4.5;5;5;2;5;2;5;0;8.25;3.25;11.5;0;2;2
409;0;5;5.5;6;1.5;5;1;5;0;8.5;4.333333333;12.83333333;0;2;0
410;2;5;5;5;2;6;2.5;4.5;0;9;3.916666667;12.91666667;0;2;2
411;1.5;5.5;5;5.5;2;5.5;2;5;0;6.833333333;4.666666667;11.5;0;2;0
412;1.5;5;5.5;5;2.5;6;1.5;5;0;6.833333333;5.166666667;12;0;0;2
413;2.5;5;5;5;3;5.5;2.5;5;0;7.833333333;5.166666667;13;0;0;0
414;4.5;5;4;4.5;4;6.5;5;4;0;8;4.833333333;12.83333333;0;0;2
415;1.5;5;5.5;5;2;5;2;6;0;7.833333333;4.666666667;12.5;0;2;2
416;2;5;5;5.5;2;5.5;2;5.5;0;6.75;5.75;12.5;0;0;0
417;2;4.5;4.5;4.5;3.5;6.5;3;5;0;9.25;3.5;12.75;0;2;1
418;2.5;5;5;5;3;5.5;3.5;5;0;8.166666667;3.333333333;11.5;0;0;1
419;1;5;4;5;2.5;4.5;2;5;1;8;4.5;12.5;0;0;2
420;1.5;5.5;5;5.5;2;4.5;2;5.5;0;8.416666667;4.833333333;13.25;0;0;2
421;2;6;6;5;2;6;2;6.5;0;7.666666667;5.333333333;13;0;2;1
422;2;5.5;5.5;5;2.5;6;1.5;5.5;0;8.083333333;3.916666667;12;0;0;0
423;2;5;5;5;2.5;5;2;5;1;5.75;4.75;10.5;2.75;1;2
424;2;5.5;5.5;5.5;2.5;5.5;2;5.5;0;9.25;5.25;14.5;0;0;0
425;1.5;7.5;6;5.5;2;5;2;7;0;7.333333333;5.5;12.83333333;0;1;2
426;2;7;5.5;5.5;1;5;2;6;0;7.5;6.083333333;13.58333333;0;1;0
427;1.5;5.5;5.5;5.5;2;5;2;5.5;0;8.666666667;4.833333333;13.5;0;0;2
428;1.5;5.5;5.5;6;0.5;5.5;1.5;6;0;8.083333333;4.583333333;12.66666667;0;2;0
429;1.5;5.5;5.5;5.5;2;5.5;1.5;6;0;7.75;4.916666667;12.66666667;0;2;2
430;2;5;4.5;5;2;5;2;5;0;7.5;5.583333333;13.08333333;0;0;0
431;1.5;5;4.5;5.5;1.5;5;1.5;5.5;0;5.25;4.75;10;0;0;1
432;2;5.5;5.5;5.5;1;5.5;2.5;5;0;9.5;4;13.5;0;0;2
433;3;5.5;5.5;5.5;2;6;2.5;5;0;7.666666667;5.333333333;13;0;2;2
434;1.5;5;5;5;2;5;3;5;0;5.5;5;10.5;0;0;0
435;2;5.5;5.5;5.5;2.5;5;2;5;0;10;2.916666667;12.91666667;0;0;2
436;2;5.5;5.5;5.5;2.5;5.5;2;5.5;0;7.5;6;13.5;0;1;0
437;2.5;5;5;5;3;5;2.5;5;0;8.5;4.666666667;13.16666667;0;1;2
438;2;5;5;5;3;5;3;5;0;7.166666667;5;12.16666667;0;2;2
439;3;5;5;5;3.5;5.5;2.5;5;0;6.583333333;3.166666667;9.75;0;1;0
440;2;5.5;5.5;5;2.5;7.5;1.5;5;0;8.416666667;1.416666667;9.833333333;0;2;2
441;2.5;5.5;5.5;5.5;2.5;6;2;5;0;8.166666667;3.666666667;11.83333333;0;2;2
442;3;5.5;5.5;5;2.5;5.5;3.5;5;0;8;3.916666667;11.91666667;0;0;0
443;2;5;5;5;3;5.5;3;5;0;8.5;4.666666667;13.16666667;0;2;2
444;2;5.5;5.5;5.5;1;5;2;5.5;0;8.5;4.25;12.75;0;0;0
445;2.5;5;4.5;5;4.5;5.5;5;4;0;6.083333333;5.416666667;11.5;0;0;0
446;2.5;5;4;5;4;5.5;5;4.5;0;6.833333333;7;13.83333333;0;0;2
447;2;5;5;6;2;5;2;5.5;0;7.833333333;5.416666667;13.25;0;0;0
448;2;5;4.5;6;2;5.5;2;5;0;9.083333333;3.916666667;13;0;0;2
449;2;5;5;5;3;6;4.5;4.5;0;7.916666667;5.333333333;13.25;0;1;0
450;3;5;5.5;6.5;3;6;4;5;0;6.583333333;4.666666667;11.25;0;1;2
451;2;5.5;5.5;5.5;2.5;5.5;3;5;0;8.25;5.5;13.75;0;2;0
452;2;5;5.5;5.5;2;5.5;2.5;5;0;9.166666667;5.083333333;14.25;0;1;2
453;3;5;5.5;5;4;5.5;3;5;0;8.25;5;13.25;0;1;0
454;3;5;4;5;3;5.5;2;5;0;8;6.166666667;14.16666667;0;0;0
455;2;5;5;5;4;5.5;4;5;0;7.166666667;6.083333333;13.25;0;0;1
456;6;5;5;4;5;5;6.5;4;0;7.5;5.75;13.25;0;2;2
457;2;5;5.5;5;3;5;2;5;0;7.75;5.5;13.25;0;0;2
458;2;5;5;5;3;5;2.5;5;0;8.083333333;3.916666667;12;0;0;0
459;2;4.5;4.5;5.5;2;5;2;5;0;6;3;9;0;0;0
460;1.5;5.5;4.5;5.5;2.5;5;1.5;5;0;9.25;0.25;9.5;0;0;0
461;2;5;4.5;5;3;5;2.5;5;0;8.166666667;1.416666667;9.583333333;0;0;0
462;2;5;4;5.5;2;5;2;5;0;8;1.5;9.5;0;0;0
463;2;5.5;5;5.5;3;5;1.5;5;0;8.666666667;1.166666667;9.833333333;0;0;0
464;3;5.5;5;5;3.5;5;4.5;5;0;9.25;5.25;14.5;0;2;2
465;2;7;6;5.5;2;5.5;2.5;5.5;0;7.666666667;4.166666667;11.83333333;0;2;0
466;1;5;5;5;2;5;1.5;5;1;7;4.25;11.25;0;0;0
467;1;6.5;6;6;2;5;1.5;5.5;0;9.25;2.75;12;0;2;2
468;2;6;6;5.5;2;5.5;2;5.5;0;8.916666667;2.666666667;11.58333333;0;1;0
469;2;5.5;6;5.5;1.5;5;1.5;5.5;0;7;4.25;11.25;0;2;1
470;2;5.5;5.5;5.5;2.5;5;2;5;0;8.166666667;4.416666667;12.58333333;0;2;2
471;0.5;5.5;6;6;2;5.5;2;5;0;8.5;5.083333333;13.58333333;0;2;0
472;2;5;5.5;5.5;2;5.5;1.5;5;0;6.5;4.75;11.25;0;2;1
473;2;5;5.5;6;3;6;2;5;0;7.5;3.833333333;11.33333333;0;1;0
474;2.5;5.5;5.5;6;2;5;2;5.5;0;8.25;4.333333333;12.58333333;0;1;0
475;0.5;6;6;6.5;2;5.5;2;5.5;0;8.5;5;13.5;0;2;2
476;1;5.5;6;5.5;2;5.5;1.5;6.5;0;8.166666667;4.833333333;13;0;2;0
477;1;5.5;6;5;2;6;1.5;5.5;0;7.75;5.75;13.5;0;2;2
478;3;4;4.5;5;2;6;3;5;0;8.25;5.25;13.5;0;2;0
479;0.5;5.5;6;5.5;2;5.5;0.5;5.5;0;7.833333333;5.666666667;13.5;0;2;2
480;3;4.5;5;5;2.5;5.5;2;5;0;4.5;4;8.5;0;2;0
481;3.5;5;5;5;2.5;5.5;2;5;1;8.833333333;2.166666667;11;0;1;2
482;2.5;5;5;5;2;4.5;3;5;0;8.5;4;12.5;0;0;0
483;2;5.5;5;5;1.5;5;2;5;0;8.166666667;5.083333333;13.25;0;1;2
484;2;5;5;5;2.5;6.5;3.5;5;0;7.916666667;6.083333333;14;0;2;0
485;2;5.5;5.5;5.5;1.5;5.5;2;5.5;0;7.666666667;6.083333333;13.75;0;2;2
486;2;5.5;5.5;5.5;2;5.5;2;5.5;0;5.666666667;7.333333333;13;0;2;0
487;1.5;6;6;6;2;5.5;2;5.5;0;8.333333333;4.666666667;13;0;2;2
488;2;6;6;6;1;5.5;1.5;6;0;7.416666667;5.583333333;13;0;2;0
489;2;7.5;5.5;5.5;1;6;2.5;6;0;7.5;5.5;13;0;1;2
490;1.5;5.5;5.5;6;2;5;2;6;0;6.5;7.5;14;0;2;0
491;1.5;6.5;6.5;6;2;6;1.5;6;0;7;6;13;0;2;2
492;2;5.5;5.5;5;3;5.5;3.5;5;0;7.333333333;6;13.33333333;0;2;0
493;2;5;5.5;5.5;2;5.5;2;6;2;5.416666667;3.583333333;9;0;1;1
494;2.5;5.5;5;5.5;3;5;4;5;0;10.16666667;0.833333333;11;0;2;0
495;2;5.5;5.5;5.5;3;5.5;3;5.5;0;7.083333333;6.416666667;13.5;0;1;2
496;4;5.5;5.5;5;2;6;3.5;5;0;6.25;5.25;11.5;0;0;0
497;2;7;6;6;2;5;3.5;5.5;0;8;5.5;13.5;0;2;2
498;1.5;5.5;5.5;6;1;5;1;5.5;0;7.166666667;7.333333333;14.5;0;3;0
499;2;5.5;6;5.5;1;5.5;2;6;0;8.416666667;6.583333333;15;0;2;2
500;1;5.5;6;6;1;5.5;1;6;0;3;7;10;0;0;0
501;2;5;5.5;5.5;1;5;2;6;1;11;1.25;12.25;0;0;0
502;2.5;6;7;6;1.5;5.5;1.5;6;0;6.833333333;5.5;12.33333333;0;1;2
503;0;5.5;7.5;6;1;5.5;2;6;0;5.75;5.25;11;0;2;0
504;0;5.5;6;6;2;7.5;2;6.5;0;9.5;3.833333333;13.33333333;0;2;2
505;3;5.5;6;6;2;6;3.5;6;2;7.166666667;5.833333333;13;0;2;2
506;2;5.5;5.5;5.5;2;5;1.5;5.5;0;7.666666667;4.833333333;12.5;0;0;0
507;2;5;5;5;1;5;1.5;6;1;4;3;7;0;0;0
508;1;5.5;5.5;6;1;5.5;2;5.5;0;8.25;0.75;9;0;0;2
509;2;5;5;5;2;5;2;5.5;0;6.75;2.25;9;0;0;0
510;3;5;5;5;2.5;5.5;2;5;0;7.75;3.416666667;11.16666667;0;0;0
511;2.5;4.5;4.5;5;2;5;2;5.5;0;7.916666667;4.25;12.16666667;0;0;2
512;2;4.5;5;5;2;5.5;1.5;5.5;0;7;3;10;0;2;0
513;1.5;5.5;5.5;5.5;1.5;5;2;5.5;0;7.333333333;0.5;7.833333333;0;1;0
514;1.5;5;5.5;5.5;2;5;1.5;5.5;0;6.833333333;2;8.833333333;0;0;2
515;1.55;5;5;5.5;2;5.5;2;5;0;7.333333333;0.5;7.833333333;0;0;0
516;2;5;5;5;2;5;2;5;0;7;2.333333333;9.333333333;0;0;2
517;2;5;5;5;2.5;6;2;5;0;7.5;3.166666667;10.66666667;0;0;0
518;2;4.5;5;5;2;5.5;2.5;5;0;8;3.25;11.25;0;0;0
519;2;5;5;5;2;5;2.5;5;0;6.833333333;1;7.833333333;0;0;2
520;2;4;4.5;5;2.5;5;2;5;0;6.916666667;1.083333333;8;0;1;0
521;2;5;4.5;5;2;5;2.5;5;0;8.833333333;-1;7.833333333;0;2;0
522;2;5;5;5;2;5;2;6;0;7.083333333;1.916666667;9;0;1;2
523;2;5.5;5;5.5;2;5.5;2;5;0;7.666666667;2.333333333;10;0;0;0
524;2;5;5;5.5;2;5;1.5;5;0;8;2;10;0;0;0
525;2;4;4;5.5;1.5;5;2;5;1;7.666666667;2.833333333;10.5;0;0;0
526;2;5;5;5.5;1;5;2;5.5;0;6.666666667;1.333333333;8;0;2;2
527;2;5;5;5.5;2;5;2.5;5.5;0;7.25;-0.25;7;0;0;0
528;1.5;4.5;5;5;2;5;2;5;0;7.75;0.25;8;0;1;0
529;2;5;5;5.5;2;5;2;5.5;0;7.583333333;0.416666667;8;0;0;2
530;1.5;5;5;5;1.5;5;2;5;0;7.833333333;1.166666667;9;0;1;0
531;2;5;5;5;1.5;5;2.5;5;0;8.75;1.25;10;0;0;0
532;2;5;5;5;2;5;2;5;0;8;2;10;0;0;0
533;2;5;5;5;2.5;5.5;2;5.5;0;7.5;0.333333333;7.833333333;0;0;0
534;2;5;4.5;5.5;2;5.5;2;5.5;0;7.25;0.75;8;0;2;0
535;2;5;5;5.5;2;5;2;5.5;0;8.166666667;-0.333333333;7.833333333;0;1;0
536;2.5;5;4;5;3;5.5;2;5;1;7.583333333;0.25;7.833333333;0;0;0
537;3;6;5;6;2;5.5;2;6;0;8.5;-0.333333333;8.166666667;0;0;0
538;1;5.5;5;5.5;3;5.5;1.5;5;0;8.416666667;1.75;10.16666667;0;0;0
539;1;5;5;5.5;1;6;2;5.5;0;7.416666667;2.75;10.16666667;0;0;0
540;1;5;5;5.5;2;5.5;2;6;0;6.416666667;1.75;8.166666667;0;0;0
541;2.5;5;4.5;5.5;2.5;5.5;2;5;0;6.25;1.75;8;2;2;2
542;2;5;4.5;5;2;5.5;2;5;0;6.75;0.75;7.5;0;0;0
543;2.5;5;4;4.5;3;5.5;3;5;0;8;1;9;0;0;0
544;3;5;5;5;3;6;3;4.5;0;7.333333333;0.166666667;7.5;0;0;0
545;2;5;4.5;5;2.5;5.5;3;5;0;7.916666667;2.583333333;10.5;0;0;0
546;2;5;5;5;3.5;5.5;3;5;0;8.75;0.75;9.5;0;2;2
547;2.5;5;5;5;3.5;6;3;4.5;0;7.166666667;0.666666667;7.833333333;0;1;0
548;2.5;5;5;5;2.5;5;2.5;5.5;0;6.583333333;1.25;7.833333333;0;2;2
549;2;5;5;5;2;5;2.5;5;0;7.166666667;0.333333333;7.5;0;2;0
550;2;5.5;5.5;5;2;5.5;2.5;5;0;8.25;0.25;8.5;0;2;2
551;2;6;6;5.5;2.5;5.5;2.5;5.5;0;6.583333333;1.25;7.833333333;0;2;0
552;2;6;6;6;1.5;5.5;2;5.5;0;8.166666667;2.666666667;10.83333333;0;2;2
553;2;5;5;5;2;5;2;5;0;8;2.666666667;10.66666667;0;0;0
554;2.5;5;4.5;5;2;5;3;4.5;0;6.666666667;2;8.666666667;0;0;0
555;2;4;4.5;4.5;2;5;1;5;1;9;0.25;9.25;0;0;0
556;2;2;4;4.5;1;5;2;5;1;12;-0.666666667;11.33333333;0;0;0
557;2;4;5;5;2;4;2;5;0;13.5;-1.5;12;0;2;0
558;2;5;5.5;5;2.5;5;2.5;5;0;8.25;-0.25;8;0;0;0
559;1;5;5.5;5.5;2;5;2;5.5;0;8.416666667;1.666666667;10.08333333;0;1;0
560;2;5;5;5;3;5.5;3;5;0;7;2;9;0;0;0
561;2;5;4.5;5;2;5.5;3;5;0;7.25;0.25;7.5;0;2;0
562;2.5;5;5;5;3;5;3;5;0;8.666666667;-0.833333333;7.833333333;0;2;1
563;2;5;5;5.5;2.5;5;2.5;5;0;6.916666667;0.583333333;7.5;0;2;0
564;2;5;5;5;2.5;5;2;5.5;0;7.75;0.583333333;8.333333333;0;2;0
565;2;5;5.5;5;2;5;2;5;0;7.333333333;0.5;7.833333333;0;2;0
566;2;5;5.5;5.5;2;5;2;5.5;0;9.083333333;1.916666667;11;0;2;0
567;2;5.5;5.5;5.5;2;5;2;5.5;0;7.666666667;3.333333333;11;0;1;1
568;2;5;5;5.5;1.5;5;2;5.5;0;7.833333333;0;7.833333333;0;0;0
569;2;5;4.5;5;3;4.5;3;5;0;7.833333333;2.416666667;10.25;0;2;1
570;2.5;5;5;5;3;5;3;5;0;7.166666667;0.333333333;7.5;0;2;0
571;4;5;4;4.5;2.5;5.5;4.5;4.5;0;8.416666667;0.583333333;9;0;2;0
572;2;5;5;5;2.5;5;3.5;5;0;6.666666667;1.333333333;8;0;2;1
573;1;5;5;5;2;4.5;2;5;0;7.916666667;2.083333333;10;0;0;1
574;2;5;5.5;5;2;5;2;5.5;0;9.25;2.25;11.5;0;2;1
575;1.5;5;5.5;5.5;2.5;6;3;5;0;7.916666667;3.083333333;11;0;2;1
576;2;5;5.5;5;2;5.5;3;5;0;7;3;10;0;2;1
577;2;5;5.5;5.5;2.5;5.5;3;5;0;6.583333333;1.166666667;7.75;0;2;1
578;2;5;5.5;5;2.5;5.5;2.5;5;0;8.416666667;0.583333333;9;0;2;1
579;1.5;5.5;5.5;5.5;2;5.5;2;5.5;0;6.75;4.25;11;0;2;1
580;2;5.5;5;5;2;5;2;5;0;8.25;2.75;11;0;0;0
581;1.5;5;5.5;5.5;1.5;5;1.5;6;0;6.666666667;2.333333333;9;0;0;0
582;2;5;5.5;5;1.5;5;2;6;0;6.333333333;1.666666667;8;0;1;0
583;1.5;5.5;5.5;5.5;1.5;5;2;5.5;0;8.166666667;-0.166666667;8;0;2;1
584;2;5;5;5;2;5;2;5;0;5.75;1.75;7.5;0;0;0
585;2;5;4;5;3;5.5;3;5;0;8;2.916666667;10.91666667;0;2;1
586;2.5;5.5;5.5;5;2;5.5;2;5.5;0;7.083333333;2.916666667;10;0;0;0
587;1.5;6.5;5.5;6.5;1.5;5;1;6;0;7.75;3.5;11.25;0;2;2
588;1.5;5.5;5.5;5.5;2;6;2;5;0;7.666666667;3.833333333;11.5;0;2;0
589;1.5;5.5;5.5;5.5;3;5.5;2.5;5;0;6.416666667;1.75;8.166666667;0;0;0
590;2;5;5.5;5;3;5.5;3;5;0;7.833333333;0.083333333;7.916666667;0;2;2
591;2;5.5;5.5;5.5;2;5.5;2.5;5.5;0;7.333333333;0.166666667;7.5;0;1;0
592;3;5.5;5.5;6;2.5;5.5;1;5.5;0;6.25;3.416666667;9.666666667;0;1;1
593;2;4;4;4.5;3;6.5;2.5;5;0;7.916666667;1.75;9.666666667;0;2;0
594;2.5;4.5;5;5;2;5.5;2.5;5;0;7.916666667;3.75;11.66666667;0;3;2
595;2;5;5.5;4.5;3;7;2;4.5;0;7.166666667;4.5;11.66666667;0;1;0
596;1;5.5;6;5.5;2;5.5;2;6;0;6.583333333;2.75;9.333333333;0;1;2
597;1;4.5;5.5;4.5;1.5;5.5;1.5;5;0;6.75;1.25;8;0;2;0
598;1;5;6;5;1.5;6;2.5;5;0;8.25;-0.75;7.5;0;2;0
599;2;5;5.5;5;2;7;2;5;0;9.166666667;1.166666667;10.33333333;0;2;2
600;2;5;5;5;1.5;6;3.5;4.5;0;6.166666667;3.333333333;9.5;0;1;0
601;2;5;4;5;2.5;6.5;2;4.5;0;6.5;0.5;7;0;0;0
602;2;5;5;5;2;6;2;5.5;0;8.5;2.916666667;11.41666667;0;2;2
603;1.5;5.5;5.5;5.5;2;5;2;5.5;0;7.416666667;1.75;9.166666667;0;0;0
604;2;5.5;5.5;6;2;5;2;6;0;5.916666667;2.583333333;8.5;1.5;2;2
605;2;5.5;6;6;2;5.5;2;6;0;6.833333333;1.75;8.583333333;0;3;0
606;1.5;5;6;5.5;1.5;5;2;5;0;7;2.583333333;9.583333333;0;1;2
607;2;5.5;5.5;6;2;5.5;2;5;0;7.916666667;2.666666667;10.58333333;0;0;0
608;1;5;4.5;5.5;2;5;1;5.5;1;7.083333333;5.5;12.58333333;0;0;0
609;1;5.5;5;5.5;2;5.5;1.5;5.5;0;9;3.916666667;12.91666667;0;0;2
610;2;5;3.5;5;3;5;2;5;0;7.166666667;3.333333333;10.5;0;0;0
611;2;5.5;5;5.5;2;5;1.5;5;0;7.083333333;3.75;10.83333333;0;2;2
612;2;5.5;5.5;5.5;1.5;4.5;1.5;6;0;7.75;2.083333333;9.833333333;0;2;0
613;2;5;5;5.5;1.5;5;2;5.5;0;6.166666667;2.5;8.666666667;0;0;0
614;2;5;5;5.5;1;4.5;1.5;5.5;0;7.25;0.75;8;0;0;0
615;1;5;5;6;0.5;5;1.5;5;0;9;4.75;13.75;0;0;0
616;1.5;5;5;6;1.5;5;2;5;0;8.5;4.75;13.25;0;2;0
617;2;5;3.5;4.5;2.5;5;2.5;5;0;6.5;4.833333333;11.33333333;0;1;0
618;2.5;5;5;5;2.5;5;3;5;0;7.916666667;4.416666667;12.33333333;0;2;2
619;2;5;5;5;2.5;5;3;5;0;7.583333333;4.25;11.83333333;0;1;0
620;3;4;4;4;3;6;2.5;4;0;9;3.75;12.75;0;0;0
621;3.5;4;4.5;4.5;2.5;6;2.5;5;0;7.166666667;1.333333333;8.5;0;0;0
622;2;5;5;5;2.5;5;2.5;5;0;8.166666667;5.666666667;13.83333333;0;0;0
623;2.5;6;5;5;2.5;4.5;2.5;5.5;0;8;6.333333333;14.33333333;0;0;1
624;3;5;4;5;2.5;5;2.5;5;0;8.333333333;5.666666667;14;0;0;0
625;2;4.5;4;5;2.5;5;2.5;5;0;7.75;5.25;13;0;0;0
626;2;4.5;4.5;4;2.5;6;3;4.5;0;7.083333333;6.666666667;13.75;0;2;0
627;3;4.5;4.5;4.5;2;5.5;3;4.5;0;6.75;5;11.75;0;0;0
628;2;4.5;4;5;2;5;2;5;0;7.25;5.25;12.5;0;0;0
629;2;5;4.5;5.5;2;4.5;2;5;0;8.166666667;1.333333333;9.5;0;0;0
630;2;4.5;4.5;5;2.5;4.5;2;5;0;6.666666667;2.5;9.166666667;0;0;0
631;2.5;4.5;3.5;4.5;3.5;5;3.5;4.5;0;8.416666667;4.75;13.16666667;0;2;0
632;2.5;4.5;5;5;3.5;6;4;5;0;7;5.166666667;12.16666667;0;2;0
633;2;5;5;5;2;5.5;2;5.5;0;8.5;4.25;12.75;0;0;1
634;2.5;5;5;5;4;5;3.5;5;0;7.916666667;5.25;13.16666667;0;1;0
635;2.5;4;4.5;5;3;5;3.5;4.5;0;7.166666667;5;12.16666667;0;0;0
636;3;4;4.5;4.5;3.5;6;3.5;4;0;8.166666667;2.333333333;10.5;0;0;0
637;2.5;4;4.5;5;3.5;5.5;3;5;0;8.083333333;2.25;10.33333333;0;0;0
638;2;4.5;5;5;3;5;2.5;5;0;7.916666667;5.583333333;13.5;0;1;2
639;2;4.5;5;5;3;5;2.5;5;0;8.166666667;5.166666667;13.33333333;0;0;0
640;2;1.5;4;4.5;2;5;2.5;5;2;13;2;15;2.5;0;0
641;2;3.5;5;5;2.5;5;2.5;5;0;6.75;1.75;8.5;0;0;0
642;4;5;4.5;4.5;3;6;5;4;0;7.583333333;1.75;9.333333333;0;0;0
643;6;4.5;4;3.5;5;7;5;3.5;0;7.666666667;3.666666667;11.33333333;0;0;0
644;2.5;5;5;4.5;3.5;5.5;2;5;0;8.916666667;2.416666667;11.33333333;0;0;0
